Id	Name	AssetUrl
1111031	Movie1111031	Assets/Product/Movie/Prefab/Movie1111031/Movie1111031.prefab
1130111	Movie1130111	Assets/Product/Movie/Prefab/Movie1130111/Movie1130111.prefab
1130112	Movie1130112	Assets/Product/Movie/Prefab/Movie1130112/Movie1130112.prefab
1130113	Movie1130113	Assets/Product/Movie/Prefab/Movie1130113/Movie1130113.prefab
1130114	Movie1130114	Assets/Product/Movie/Prefab/Movie1130114/Movie1130114.prefab
1130121	Movie1130121	Assets/Product/Movie/Prefab/Movie1130121/Movie1130121.prefab
1130122	Movie1130122	Assets/Product/Movie/Prefab/Movie1130122/Movie1130122.prefab
1130123	Movie1130123	Assets/Product/Movie/Prefab/Movie1130123/Movie1130123.prefab
1100141	Movie1100141	Assets/Product/Movie/Prefab/Movie1100141/Movie1100141.prefab
1100145	Movie1100145	Assets/Product/Movie/Prefab/Movie1100145/Movie1100145.prefab
