Id	Url
Churchceiling003	Assets/Product/Obstacle/Prefab/Churchceiling003.prefab
ForestChair002	Assets/Product/Obstacle/Prefab/ForestChair002.prefab
ForestFlowerpot001	Assets/Product/Obstacle/Prefab/ForestFlowerpot001.prefab
HakamaStool001	Assets/Product/Obstacle/Prefab/HakamaStool001.prefab
HalloweenCeiling002	Assets/Product/Obstacle/Prefab/HalloweenCeiling002.prefab
Mb1CubedizuoMd000001	Assets/Product/Obstacle/Prefab/Mb1CubedizuoMd000001.prefab
Mt1ChengshiLuzhangMd000001	Assets/Product/Obstacle/Prefab/Mt1ChengshiLuzhangMd000001.prefab
Mt1GongcangLuzhangMd000001	Assets/Product/Obstacle/Prefab/Mt1GongcangLuzhangMd000001.prefab
Mt1GongcangLuzhangMd000002	Assets/Product/Obstacle/Prefab/Mt1GongcangLuzhangMd000002.prefab
Mt1MotuoqichezhangaiyiMd010001	Assets/Product/Obstacle/Prefab/Mt1MotuoqichezhangaiyiMd010001.prefab
Mt1PaokuzhangaiMd000001	Assets/Product/Obstacle/Prefab/Mt1PaokuzhangaiMd000001.prefab
Mt1XuediLuzhangMd000001	Assets/Product/Obstacle/Prefab/Mt1XuediLuzhangMd000001.prefab
Mt1XuediLuzhangMd000002	Assets/Product/Obstacle/Prefab/Mt1XuediLuzhangMd000002.prefab
Mt1XuediLuzhangMd000004	Assets/Product/Obstacle/Prefab/Mt1XuediLuzhangMd000004.prefab
QR0ShaojiejipaoMd010011	Assets/Product/Obstacle/Prefab/QR0ShaojiejipaoMd010011.prefab
Qudaodan001	Assets/Product/Obstacle/Prefab/Qudaodan001.prefab
RestaurantPlasticstools001	Assets/Product/Obstacle/Prefab/RestaurantPlasticstools001.prefab
S01301_19Jianzhuposun05Ani	Assets/Product/Obstacle/Prefab/S01301_19Jianzhuposun05Ani.prefab
S02502_Fumu	Assets/Product/Obstacle/Prefab/S02502_Fumu.prefab
S07000azhuzi1	Assets/Product/Obstacle/Prefab/S07000azhuzi1.prefab
S07000azhuzi2	Assets/Product/Obstacle/Prefab/S07000azhuzi2.prefab
SceneRunway_39Kapian	Assets/Product/Obstacle/Prefab/SceneRunway_39Kapian.prefab
Shengdangift001	Assets/Product/Obstacle/Prefab/Shengdangift001.prefab
Shengdantree001	Assets/Product/Obstacle/Prefab/Shengdantree001.prefab
SummerWater001	Assets/Product/Obstacle/Prefab/SummerWater001.prefab
Teahousebench001	Assets/Product/Obstacle/Prefab/Teahousebench001.prefab
TheaterCeiling002	Assets/Product/Obstacle/Prefab/TheaterCeiling002.prefab
