Id	WordImageUrl
1	Assets/Product/Texture/Image/UiCouplet/UiCoupletMatterDan.png
2	Assets/Product/Texture/Image/UiCouplet/UiCoupletMatterRi.png
3	Assets/Product/Texture/Image/UiCouplet/UiCoupletMatterChu.png
4	Assets/Product/Texture/Image/UiCouplet/UiCoupletMatterSheng.png
5	Assets/Product/Texture/Image/UiCouplet/UiCoupletMatterBai.png
6	Assets/Product/Texture/Image/UiCouplet/UiCoupletMatterYi.png
7	Assets/Product/Texture/Image/UiCouplet/UiCoupletMatterLiu.png
8	Assets/Product/Texture/Image/UiCouplet/UiCoupletMatterGuang.png
9	Assets/Product/Texture/Image/UiCouplet/UiCoupletMatterQing.png
10	Assets/Product/Texture/Image/UiCouplet/UiCoupletMatterFeng.png
11	Assets/Product/Texture/Image/UiCouplet/UiCoupletMatterBu.png
12	Assets/Product/Texture/Image/UiCouplet/UiCoupletMatterWang.png
13	Assets/Product/Texture/Image/UiCouplet/UiCoupletMatterYin.png
14	Assets/Product/Texture/Image/UiCouplet/UiCoupletMatterYun.png
15	Assets/Product/Texture/Image/UiCouplet/UiCoupletMatterNiao.png
16	Assets/Product/Texture/Image/UiCouplet/UiCoupletMatterNiao.png
17	Assets/Product/Texture/Image/UiCouplet/UiCoupletMatterWan.png
18	Assets/Product/Texture/Image/UiCouplet/UiCoupletMatterXiang.png
19	Assets/Product/Texture/Image/UiCouplet/UiCoupletMatterGeng.png
20	Assets/Product/Texture/Image/UiCouplet/UiCoupletMatterXing.png
21	Assets/Product/Texture/Image/UiCouplet/UiCoupletMatterXin.png
22	Assets/Product/Texture/Image/UiCouplet/UiCoupletMatterYu.png
23	Assets/Product/Texture/Image/UiCouplet/UiCoupletMatterTian.png
24	Assets/Product/Texture/Image/UiCouplet/UiCoupletMatterXia.png
25	Assets/Product/Texture/Image/UiCouplet/UiCoupletMatterChun.png
26	Assets/Product/Texture/Image/UiCouplet/UiCoupletMatterNuang.png
27	Assets/Product/Texture/Image/UiCouplet/UiCoupletMatterChang.png
28	Assets/Product/Texture/Image/UiCouplet/UiCoupletMatterLing.png
29	Assets/Product/Texture/Image/UiCouplet/UiCoupletMatterSun.png
30	Assets/Product/Texture/Image/UiCouplet/UiCoupletMatterLuo.png
31	Assets/Product/Texture/Image/UiCouplet/UiCoupletMatterChong.png
32	Assets/Product/Texture/Image/UiCouplet/UiCoupletMatterXiao.png
33	Assets/Product/Texture/Image/UiCouplet/UiCoupletMatterMeng.png
34	Assets/Product/Texture/Image/UiCouplet/UiCoupletMatterRu.png
35	Assets/Product/Texture/Image/UiCouplet/UiCoupletMatterLan.png
36	Assets/Product/Texture/Image/UiCouplet/UiCoupletMatterYin.png
37	Assets/Product/Texture/Image/UiCouplet/UiCoupletMatterShang.png
38	Assets/Product/Texture/Image/UiCouplet/UiCoupletMatterHua.png
39	Assets/Product/Texture/Image/UiCouplet/UiCoupletMatterJian.png
40	Assets/Product/Texture/Image/UiCouplet/UiCoupletMatterHao.png
